Strategy,Revenue_DKK,Runtime_s
Joint,-349356.243110702,44.7521493434906
Sequential,-30923564.75350726,64.65917611122131
